Name,OCtSox_OE_1,OCtSox_OE_2,OCtSox_OE_3,OCtSox_OE_5,OCtSox_OE_6
FoldCtrl,34.1041237,11.49291794,140.6394609,85.26762997,131.3766507
SD,1.821987496,3.599338504,20.58933477,17.03992281,35.89130415
SE,1.051924971,2.078079054,11.88725797,9.838004023,20.72185411
